,City,Country,Max Temp,Humidity,Cloudiness,Wind Speed,Latitude,Longitude,Date
0,Neuquén,AR,46.4,81,0,8.05,-38.9516,-68.0591,1618632636
1,Hobart,AU,63.0,51,75,14.97,-42.8794,147.3294,1618632569
2,Dikson,RU,-2.63,88,99,5.3,73.5069,80.5464,1618632511
3,East London,ZA,55.4,71,0,6.91,-33.0153,27.9116,1618632337
4,Karaikudi,IN,86.74,64,70,6.73,10.0667,78.7833,1618632636
5,Parker,US,53.01,86,100,7.0,32.7668,-97.8003,1618632149
6,Atuona,PF,80.64,77,100,18.66,-9.8,-139.0333,1618632513
7,Jamestown,US,37.0,93,90,12.66,42.097,-79.2353,1618632344
8,Rikitea,PF,77.7,68,100,9.46,-23.1203,-134.9692,1618632497
9,Upernavik,GL,-11.07,98,83,7.14,72.7868,-56.1549,1618632638
10,Ruteng,ID,74.75,61,80,1.23,-8.6136,120.4721,1618632550
11,Lebu,CL,52.72,86,51,7.81,-37.6167,-73.65,1618632638
12,Busselton,AU,73.99,50,25,4.0,-33.65,115.3333,1618632639
13,Berlevåg,NO,39.43,88,100,33.64,70.8578,29.0864,1618632639
14,Torbay,CA,33.01,93,90,11.5,47.6666,-52.7314,1618632640
15,Watsa,CD,64.09,88,82,3.76,3.0372,29.5355,1618632640
16,Mar del Plata,AR,62.01,100,14,1.74,-38.0023,-57.5575,1618632589
17,Bilibino,RU,24.26,70,100,5.77,68.0546,166.4372,1618632641
18,Xichang,CN,62.44,70,100,3.18,27.8964,102.2634,1618632641
19,Baghdad,IQ,68.0,34,0,6.91,33.3406,44.4009,1618632348
20,Cape Town,ZA,53.6,87,0,4.61,-33.9258,18.4232,1618632416
21,Bluff,NZ,55.99,63,97,7.0,-46.6,168.3333,1618632642
22,Puerto Ayora,EC,75.99,97,89,5.01,-0.7393,-90.3518,1618632642
23,Nikolskoye,RU,41.0,45,0,8.95,59.7035,30.7861,1618632499
24,Boguchany,RU,21.88,56,7,10.56,58.3814,97.4531,1618632643
25,Gilbués,BR,74.21,56,90,2.82,-9.8317,-45.3439,1618632644
26,Longyearbyen,SJ,14.0,62,20,12.66,78.2186,15.6401,1618632644
27,Vieques,PR,78.8,83,40,6.91,18.425,-65.8329,1618632645
28,Nador,MA,53.6,94,0,4.61,35.174,-2.9287,1618632645
29,Palu,ID,91.24,52,48,5.39,-0.8917,119.8707,1618632646
30,Charters Towers,AU,86.27,28,3,9.44,-20.1,146.2667,1618632646
31,Deputatsky,RU,9.99,88,80,5.06,69.3,139.9,1618632646
32,Naze,JP,75.2,83,75,16.11,28.3667,129.4833,1618632647
33,Castro,BR,59.76,94,100,3.22,-24.7911,-50.0119,1618632647
34,Sorong,ID,86.59,65,82,15.5,-0.8833,131.25,1618632648
35,São Miguel do Araguaia,BR,74.12,80,85,2.86,-13.275,-50.1628,1618632425
36,New Norfolk,AU,63.0,77,98,5.99,-42.7826,147.0587,1618632648
37,Bredasdorp,ZA,44.6,93,2,1.14,-34.5322,20.0403,1618632498
38,Mīzan Teferī,ET,65.46,69,42,3.74,6.9833,35.5833,1618632649
39,La Asuncion,VE,77.83,82,80,19.24,11.0333,-63.8628,1618632649
40,Kavaratti,IN,84.2,71,6,6.33,10.5669,72.642,1618632650
41,Saldanha,ZA,59.0,63,0,3.44,-33.0117,17.9442,1618632650
42,Mataura,NZ,55.99,63,83,7.0,-46.1927,168.8643,1618632651
43,Yellowknife,CA,39.2,65,40,6.91,62.456,-114.3525,1618632651
44,Tiksi,RU,7.97,94,100,12.59,71.6872,128.8694,1618632652
45,Ushuaia,AR,42.8,81,75,4.61,-54.8,-68.3,1618632554
46,Mahébourg,MU,77.0,94,40,8.05,-20.4081,57.7,1618632652
47,George Town,MY,87.8,74,20,4.61,5.4112,100.3354,1618632653
48,Katsuura,JP,66.0,63,100,18.68,35.1333,140.3,1618632653
49,Kabalo,CD,66.49,97,60,3.53,-6.05,26.9167,1618632654
50,Ürümqi,CN,68.0,17,0,11.18,43.801,87.6005,1618632654
51,Chokurdakh,RU,13.32,85,7,9.37,70.6333,147.9167,1618632655
52,Port Hedland,AU,95.0,24,0,19.57,-20.3167,118.5667,1618632656
53,Tulum,MX,77.52,81,3,8.32,20.2167,-87.4667,1618632656
54,Hermanus,ZA,65.07,49,0,5.39,-34.4187,19.2345,1618632656
55,Thompson,CA,37.4,52,40,4.61,55.7435,-97.8558,1618632657
56,Souillac,MU,80.6,83,75,11.5,-20.5167,57.5167,1618632657
57,Saint Paul Harbor,US,42.8,75,90,12.66,57.79,-152.4072,1618632391
58,Iqaluit,CA,12.2,73,75,4.61,63.7506,-68.5145,1618632658
59,Albany,US,39.99,78,98,5.97,42.6001,-73.9662,1618632511
60,Norman Wells,CA,46.4,49,75,4.61,65.282,-126.8329,1618632659
61,Vila Franca do Campo,PT,60.8,100,90,9.22,37.7167,-25.4333,1618632659
62,Patea,NZ,60.01,79,13,5.01,-39.7583,174.4833,1618632659
63,Poum,NC,78.6,73,34,6.11,-20.2333,164.0167,1618632660
64,Copiapó,CL,60.8,77,90,2.59,-27.3667,-70.3333,1618632363
65,Vaini,TO,78.8,69,75,5.75,-21.2,-175.2,1618632661
66,Ust-Maya,RU,36.59,74,100,13.22,60.4167,134.5333,1618632661
67,Punta Arenas,CL,46.4,76,0,16.11,-53.15,-70.9167,1618632661
68,Umluj,SA,76.91,67,0,3.4,25.0213,37.2685,1618632662
69,Hilo,US,75.2,64,90,3.44,19.7297,-155.09,1618632662
70,Cidreira,BR,68.67,82,100,6.67,-30.1811,-50.2056,1618632663
71,Mossamedes,AO,80.73,65,18,5.66,-15.1961,12.1522,1618632663
72,Fortuna,US,48.99,100,90,6.91,40.5982,-124.1573,1618632663
73,College,US,46.4,42,1,1.07,64.8569,-147.8028,1618632664
74,Port Alfred,ZA,59.74,67,1,17.69,-33.5906,26.891,1618632596
75,Mandalgovi,MN,52.79,14,0,18.37,45.7625,106.2708,1618632664
76,Ribeira Grande,PT,63.07,94,93,16.71,38.5167,-28.7,1618632665
77,Butaritari,KI,82.51,74,56,9.8,3.0707,172.7902,1618632505
78,Yangi Marg`ilon,UZ,66.2,32,11,4.61,40.4272,71.7189,1618632666
79,Bengkulu,ID,82.31,71,93,3.71,-3.8004,102.2655,1618632512
80,Pevek,RU,23.07,84,100,5.23,69.7008,170.3133,1618632666
81,Tupik,RU,45.3,58,94,7.76,54.4253,119.9327,1618632667
82,Qaqortoq,GL,17.6,35,0,5.75,60.7167,-46.0333,1618632667
83,Lavrentiya,RU,32.81,89,100,8.88,65.5833,-171.0,1618632667
84,Severo-Kuril'sk,RU,36.82,60,85,7.47,50.6789,156.125,1618632668
85,Qaanaaq,GL,-7.89,98,97,4.34,77.484,-69.3632,1618632669
86,Khatanga,RU,12.11,87,100,10.33,71.9667,102.5,1618632552
87,Sambava,MG,76.68,84,19,2.8,-14.2667,50.1667,1618632669
88,Timrå,SE,32.0,80,58,9.22,62.487,17.3257,1618632370
89,Anadyr,RU,37.4,75,0,26.84,64.75,177.4833,1618632670
90,Grindavik,IS,37.4,87,75,24.16,63.8424,-22.4338,1618632670
91,Hithadhoo,MV,81.79,62,47,3.42,-0.6,73.0833,1618632671
92,Tuktoyaktuk,CA,19.4,86,90,0.27,69.4541,-133.0374,1618632566
93,Synya,RU,29.39,80,100,9.69,65.3718,58.0387,1618632671
94,Avarua,CK,82.4,69,40,2.3,-21.2078,-159.775,1618632672
95,Kumul,CN,67.64,8,0,7.63,42.8,93.45,1618632672
96,Nyimba,ZM,63.72,58,1,9.06,-14.5566,30.8149,1618632672
97,Lethem,GY,76.15,84,96,5.77,3.3803,-59.7968,1618632673
98,Port-Cartier,CA,30.0,86,1,8.05,50.0334,-66.8654,1618632673
99,Mareeba,AU,90.0,54,90,17.27,-17.0,145.4333,1618632482
100,Ambilobe,MG,75.52,91,25,2.08,-13.2,49.05,1618632674
101,Prince Rupert,CA,55.4,54,1,2.3,54.3161,-130.3201,1618632413
102,Salalah,OM,80.6,74,0,2.3,17.0151,54.0924,1618632674
103,Charagua,BO,67.73,91,91,3.87,-19.8,-63.2167,1618632675
104,Kuril'sk,RU,41.5,65,73,19.19,45.2333,147.8833,1618632675
105,Nadym,RU,10.29,86,98,15.66,65.5333,72.5167,1618632676
106,Tura,IN,89.8,35,3,4.68,25.5198,90.2201,1618632676
107,Grand Forks,US,32.0,93,1,8.05,47.9417,-97.4337,1618632676
108,Sundumbili,ZA,59.0,72,75,5.75,-29.1337,31.3975,1618632677
109,Tautira,PF,84.0,74,20,10.36,-17.7333,-149.15,1618632677
110,Japura,ID,75.43,93,100,2.8,-0.3167,102.35,1618632678
111,Harper,LR,79.47,82,50,5.88,4.375,-7.7169,1618632669
112,Kungurtug,RU,46.9,46,0,0.89,50.5994,97.5228,1618632679
113,Barrow,US,24.8,80,1,9.22,71.2906,-156.7887,1618632642
114,Thanh Hoa,VN,75.54,89,100,1.28,19.8,105.7667,1618632680
115,Kapaa,US,72.0,83,90,6.91,22.0752,-159.319,1618632507
116,Ilulissat,GL,5.0,72,90,11.5,69.2167,-51.1,1618632680
117,Tornio,FI,24.8,100,0,2.3,65.8481,24.1466,1618632681
118,Plugari,RO,39.0,78,19,1.01,47.4833,27.1,1618632681
119,Lüderitz,NA,77.97,34,90,11.95,-26.6481,15.1594,1618632682
120,Matagami,CA,33.8,93,90,9.22,49.7502,-77.6328,1618632683
121,Pisco,PE,68.0,77,0,8.05,-13.7,-76.2167,1618632456
122,Bambous Virieux,MU,82.99,83,75,11.5,-20.3428,57.7575,1618632683
123,Zyryanka,RU,26.22,72,8,19.15,65.75,150.85,1618632684
124,Caconda,AO,55.58,92,56,2.59,-13.7333,15.0667,1618632674
125,Port Elizabeth,ZA,57.2,77,0,9.22,-33.918,25.5701,1618632684
126,Broken Hill,AU,64.4,32,0,17.27,-31.95,141.4333,1618632685
127,Rodrigues Alves,BR,72.72,97,100,2.51,-7.738,-72.6509,1618632685
128,Dingle,PH,87.84,58,97,12.01,10.9995,122.6711,1618632645
129,Arraial do Cabo,BR,74.12,78,13,17.11,-22.9661,-42.0278,1618632686
130,Kandrian,PG,82.26,80,85,2.62,-6.2167,149.55,1618632686
131,Yaan,NG,77.67,78,100,7.92,7.3833,8.5667,1618632686
132,Lékoni,GA,73.18,89,100,3.83,-1.5843,14.2591,1618632687
133,Melo,UY,64.24,93,37,4.68,-32.3667,-54.1833,1618632687
134,Kruisfontein,ZA,48.99,88,3,1.01,-34.0033,24.7314,1618632688
135,Bonfim,BR,76.89,81,98,1.57,3.0833,-59.95,1618632688
136,Tumpat,MY,86.0,84,20,2.3,6.1978,102.171,1618632689
137,Ponta do Sol,PT,57.99,70,14,3.0,32.6667,-17.1,1618632549
138,Kendari,ID,88.79,54,63,5.57,-3.945,122.4989,1618632689
139,Mbandaka,CD,71.74,96,100,4.65,0.0487,18.2603,1618632690
140,Saskylakh,RU,4.24,91,100,15.37,71.9167,114.0833,1618632690
141,Belmonte,BR,69.8,88,75,4.61,-15.8631,-38.8828,1618632691
142,Chui,UY,64.29,93,0,3.87,-33.6971,-53.4616,1618632691
143,Clyde River,CA,8.6,78,90,12.66,70.4692,-68.5914,1618632691
144,Metro,ID,86.88,62,92,3.98,-5.1131,105.3067,1618632692
145,Maryville,US,51.8,71,75,4.7,35.7565,-83.9705,1618632692
146,São José da Coroa Grande,BR,76.19,87,68,4.76,-8.8978,-35.1478,1618632396
147,Kuçovë,AL,48.81,82,87,6.67,40.8003,19.9167,1618632693
148,Mount Gambier,AU,62.6,59,75,14.97,-37.8333,140.7667,1618632694
149,Manaure,CO,81.93,70,100,11.7,11.7751,-72.4445,1618632694
150,Bhuban,IN,95.36,34,0,4.0,20.8833,85.8333,1618632694
151,Iúna,BR,58.24,95,5,0.49,-20.3458,-41.5358,1618632695
152,Rocha,UY,60.3,94,0,2.42,-34.4833,-54.3333,1618632610
153,Pishin,PK,66.06,21,0,9.89,30.5803,66.9961,1618632695
154,Meulaboh,ID,82.74,67,100,2.46,4.1363,96.1285,1618632696
155,Saint George,US,57.0,41,1,20.71,37.1041,-113.5841,1618632696
156,Maniitsoq,GL,4.98,84,100,10.71,65.4167,-52.9,1618632696
157,Leticia,CO,75.2,100,75,3.44,-4.2153,-69.9406,1618632607
158,Padang,ID,80.6,78,40,3.44,-0.9492,100.3543,1618632697
159,Aldan,RU,36.9,79,100,15.21,58.6031,125.3894,1618632697
160,Rūdbār,AF,76.37,13,36,6.11,30.15,62.6,1618632698
161,Moranbah,AU,84.61,25,0,10.69,-22.0016,148.0466,1618632698
162,Salihli,TR,55.0,82,100,0.34,38.4826,28.1477,1618632698
163,Gaza,PS,59.0,72,0,2.3,31.5,34.4667,1618632699
164,Ashtian,IR,41.0,48,44,2.3,34.5217,50.0019,1618632699
165,Xai-Xai,MZ,68.88,58,79,12.57,-25.0519,33.6442,1618632700
166,Rio Verde de Mato Grosso,BR,71.31,71,1,7.49,-18.9181,-54.8442,1618632664
167,Chernyshevskiy,RU,13.87,81,100,16.24,63.0128,112.4714,1618632700
168,Narsaq,GL,17.6,35,3,5.75,60.9167,-46.05,1618632701
169,Geraldton,AU,82.4,20,100,16.11,-28.7667,114.6,1618632701
170,Barcelona,ES,46.99,81,20,9.22,41.3888,2.159,1618632478
171,Bahía Honda,CU,71.98,78,0,4.61,22.9036,-83.1592,1618632501
172,Hailar,CN,35.44,80,2,10.38,49.2,119.7,1618632658
173,Bayan,CN,49.28,48,92,1.5,46.0833,127.4,1618632702
174,Riberalta,BO,76.06,89,100,2.42,-10.9833,-66.1,1618632703
175,Marsá Maţrūḩ,EG,71.6,35,0,11.5,31.3525,27.2453,1618632441
176,Lorengau,PG,84.79,73,93,8.43,-2.0226,147.2712,1618632704
177,Laas,IT,35.01,80,0,5.75,46.6166,10.7002,1618632704
178,Coahuayana Viejo,MX,69.76,77,0,2.84,18.7333,-103.6833,1618632704
179,Blyth,GB,35.01,93,83,3.44,55.1271,-1.5086,1618632705
180,Provideniya,RU,32.68,92,69,7.67,64.3833,-173.3,1618632705
181,Maceió,BR,73.4,100,75,4.61,-9.6658,-35.7353,1618632706
182,Hofn,IS,42.87,78,42,18.86,64.2539,-15.2082,1618632706
183,Utete,TZ,71.73,95,54,2.24,-7.986,38.758,1618632706
184,Zasheyek,RU,37.99,91,94,5.32,67.4066,32.5499,1618632707
185,Yulara,AU,71.6,28,0,17.27,-25.2406,130.9889,1618632707
186,Borovoy,RU,30.2,69,40,11.18,55.4333,86.0833,1618632708
187,Huautla,MX,78.22,62,25,5.84,21.0333,-98.2833,1618632709
188,Lac du Bonnet,CA,36.0,99,42,4.81,50.2536,-96.0612,1618632709
189,Kiryat Gat,IL,64.0,72,0,2.3,31.61,34.7642,1618632710
190,Egvekinot,RU,28.89,99,100,13.13,66.3167,-179.1667,1618632710
191,San Patricio,US,73.4,94,90,16.11,28.017,-97.5169,1618632710
192,Sulangan,PH,82.44,76,100,13.6,11.1373,123.7228,1618632711
193,Constitución,CL,55.06,85,90,5.97,-35.3333,-72.4167,1618632711
194,Ishigaki,JP,75.2,83,75,16.11,24.3448,124.1572,1618632711
195,Kloulklubed,PW,82.4,78,90,18.41,7.0419,134.2556,1618632712
196,Kuragaki-kosugi,JP,57.0,100,75,2.3,36.7167,137.1,1618632712
197,Beloha,MG,65.5,57,70,12.91,-25.1667,45.05,1618632553
198,Tripoli,LY,62.29,81,98,10.11,32.8752,13.1875,1618632557
199,Vao,NC,74.1,74,54,17.45,-22.6667,167.4833,1618632713
200,Lexington,US,44.6,70,1,3.44,37.9887,-84.4777,1618632703
201,Talnakh,RU,-8.12,91,100,3.44,69.4865,88.3972,1618632714
202,Phan Thiet,VN,86.68,61,90,9.13,10.9333,108.1,1618632598
203,Kaka,TM,69.96,39,75,3.8,37.3482,59.6143,1618632714
204,Terrasini,IT,55.4,71,75,5.75,38.146,13.0844,1618632715
205,Gavrilovka Vtoraya,RU,51.44,74,96,8.93,52.877,42.7663,1618632715
206,Porto Walter,BR,71.96,98,100,2.59,-8.2686,-72.7439,1618632716
207,Carnarvon,AU,84.09,39,1,4.56,-24.8667,113.6333,1618632716
208,Coreaú,BR,71.85,93,92,1.72,-3.5333,-40.6567,1618632716
209,Esperance,AU,68.0,45,55,5.75,-33.8667,121.9,1618632717
210,The Valley,AI,80.6,83,20,6.91,18.217,-63.0578,1618632717
211,Wanaka,NZ,55.99,60,36,1.01,-44.7,169.15,1618632717
212,Kaprijke,BE,43.0,75,19,10.36,51.208,3.6273,1618632718
213,Gusau,NG,78.44,21,45,7.78,12.1628,6.6614,1618632718
214,São Filipe,CV,70.75,74,2,12.75,14.8961,-24.4956,1618632719
215,Faanui,PF,82.54,72,34,6.78,-16.4833,-151.75,1618632719
216,Daugavpils,LV,45.05,91,96,8.05,55.8833,26.5333,1618632719
217,Kaitangata,NZ,57.0,43,69,7.0,-46.2817,169.8464,1618632502
218,Ulaanbaatar,MN,50.0,23,0,6.71,47.9077,106.8832,1618632720
219,Ambon City,ID,89.6,62,40,5.75,-3.6954,128.1814,1618632720
220,Aklavik,CA,30.2,69,75,8.05,68.2191,-135.0107,1618632721
221,Broome,US,39.99,100,90,8.05,42.2506,-75.833,1618632721
222,Kaltasy,RU,41.31,63,4,11.83,55.9693,54.8032,1618632722
223,Vestmanna,FO,44.6,100,75,10.36,62.1564,-7.1664,1618632722
224,Saquena,PE,72.54,96,44,0.96,-4.6667,-73.5167,1618632723
225,Shimoda,JP,62.6,77,75,11.5,34.6667,138.95,1618632723
226,Comodoro Rivadavia,AR,53.6,66,0,5.75,-45.8667,-67.5,1618632636
227,Tselinnoye,RU,35.46,78,100,12.26,53.0833,85.6667,1618632724
228,Amazar,RU,52.74,27,83,11.99,53.858,120.875,1618632724
229,Hambantota,LK,80.6,100,40,5.75,6.1241,81.1185,1618632725
230,Kerema,PG,83.93,77,26,12.37,-7.9631,145.7785,1618632725
231,Forsytheganj,BY,41.47,96,65,5.73,52.6333,29.7333,1618632726
232,Alto Piquiri,BR,62.83,83,8,2.68,-24.0281,-53.4406,1618632726
233,Flinders,AU,66.99,68,100,1.01,-34.5833,150.8552,1618632726
234,Nanortalik,GL,21.24,55,0,48.25,60.1432,-45.2371,1618632727
235,Nemuro,JP,50.0,66,75,11.5,43.3236,145.575,1618632727
236,Businga,CD,70.93,93,95,2.37,3.3333,20.8833,1618632728
237,Sterling,US,46.99,61,20,12.66,39.0062,-77.4286,1618632589
238,Emerald,AU,86.0,37,0,9.22,-23.5333,148.1667,1618632728
239,Ixtapa,MX,71.6,83,1,2.55,20.7,-105.2,1618632728
240,Arcata,US,48.99,93,90,2.35,40.8665,-124.0828,1618632729
241,Sobolevo,RU,44.15,89,36,4.68,54.4299,31.8996,1618632730
242,Ambulu,ID,85.78,63,33,5.35,-8.345,113.6058,1618632730
243,Chupaca,PE,46.26,87,27,2.13,-12.0667,-75.2833,1618632730
244,Tahoua,NE,80.6,9,0,2.3,14.8888,5.2692,1618632731
245,Jiuquan,CN,56.8,11,46,5.79,39.7432,98.5174,1618632731
246,San Miguel de Tucumán,AR,73.4,88,75,2.55,-26.8241,-65.2226,1618632614
247,Tessalit,ML,83.3,13,100,8.9,20.1986,1.0114,1618632732
248,Olafsvik,IS,37.94,74,78,26.04,64.8945,-23.7142,1618632733
249,Mahenge,TZ,61.84,96,81,2.19,-8.6833,36.7167,1618632733
250,Naryan-Mar,RU,29.34,95,100,13.87,67.6713,53.087,1618632733
251,Avera,US,55.4,87,1,4.83,33.194,-82.5271,1618632734
252,Leh,IN,36.61,77,100,5.59,34.1667,77.5833,1618632734
253,Chegem,RU,51.8,66,40,2.24,43.2833,43.1333,1618632735
254,Bagdarin,RU,49.51,33,100,11.65,54.4333,113.6,1618632735
255,Isabela,PH,84.2,79,90,12.66,6.7085,121.9711,1618632736
256,Hong Kong,HK,75.0,88,100,1.99,22.2855,114.1577,1618632593
257,San Quintín,MX,57.15,81,0,14.7,30.4833,-115.95,1618632736
258,Touros,BR,77.0,88,40,5.75,-5.1989,-35.4608,1618632737
259,Labuhan,ID,85.77,64,35,4.63,-6.8844,112.2051,1618632737
260,Dalton,US,53.6,66,1,4.5,34.7698,-84.9702,1618632737
261,Saint-Philippe,RE,84.2,65,0,3.44,-21.3585,55.7679,1618632738
262,Drayton Valley,CA,46.99,31,30,3.38,53.2168,-114.9854,1618632738
263,Rawson,AR,60.6,49,2,3.29,-43.3002,-65.1023,1618632738
264,Klaksvík,FO,44.6,100,75,10.36,62.2266,-6.589,1618632739
265,Merta,IN,84.69,31,1,1.1,26.65,74.0333,1618632739
266,Pizarro,CO,76.14,88,100,1.19,4.9533,-77.366,1618632740
267,Atar,MR,70.54,31,0,9.55,20.5169,-13.0499,1618632740
268,Amboasary,MG,68.0,73,40,11.5,-25.0333,46.3833,1618632741
269,Cabañas,CU,73.4,83,0,3.44,22.9758,-82.9219,1618632741
270,Udomlya,RU,41.11,79,90,9.22,57.8794,34.9925,1618632742
271,Takefu,JP,55.4,100,90,1.14,35.9039,136.1669,1618632742
272,Lerwick,GB,42.87,87,99,12.53,60.1545,-1.1494,1618632742
273,Sumter,US,70.0,91,82,3.0,28.7086,-82.0831,1618632743
274,Eyrarbakki,IS,39.2,75,90,23.02,63.863,-21.1481,1618632743
275,Manama,BH,77.0,41,0,10.36,26.2154,50.5832,1618632631
276,Karachi,PK,84.2,70,20,3.44,24.9056,67.0822,1618632526
277,Aykhal,RU,11.46,89,100,24.99,66.0,111.5,1618632744
278,Asău,RO,37.0,93,0,4.34,46.4333,26.4,1618632745
279,Calvinia,ZA,64.9,19,0,6.38,-31.4707,19.776,1618632745
280,Westport,US,44.01,8,99,11.72,41.1415,-73.3579,1618632746
281,Chute-aux-Outardes,CA,35.6,69,90,19.57,49.1168,-68.399,1618632746
282,Baruun-Urt,MN,47.91,22,0,17.58,46.6806,113.2792,1618632746
283,Taft,IR,64.4,27,0,9.22,31.7471,54.2088,1618632747
284,Wukari,NG,79.07,70,100,9.55,7.85,9.7833,1618632747
285,Rome,US,41.0,81,90,4.61,43.2128,-75.4557,1618632748
286,Bubaque,GW,76.75,71,71,14.7,11.2833,-15.8333,1618632748
287,Karratha,AU,92.21,28,1,17.16,-20.7377,116.8463,1618632749
288,Lagoa,PT,61.93,93,87,11.9,39.05,-27.9833,1618632749
289,Lewiston,US,37.4,93,90,14.97,44.1003,-70.2148,1618632750
290,Newport,GB,36.0,77,10,5.7,51.5877,-2.9984,1618632750
291,Perry,US,50.0,57,1,3.44,37.2506,-83.1999,1618632750
292,Gushikawa,JP,77.0,78,90,12.66,26.3544,127.8686,1618632751
293,Gorontalo,ID,87.94,61,94,5.88,0.5412,123.0595,1618632751
294,Inhambane,MZ,67.98,68,84,14.61,-23.865,35.3833,1618632752
295,Assiniboia,CA,35.6,64,4,4.61,49.6334,-105.9845,1618632752
296,Antofagasta,CL,60.8,82,0,3.44,-23.65,-70.4,1618632705
297,Winslow,US,60.8,17,90,8.05,35.0242,-110.6974,1618632753
298,Sulina,RO,44.02,64,18,1.9,45.1559,29.6536,1618632753
299,Edelira,PY,63.16,98,100,1.72,-26.75,-55.2667,1618632754
300,Druzhba,UA,41.13,90,62,4.88,52.0428,33.9453,1618632754
301,Shahreza,IR,60.87,29,12,5.95,32.0339,51.8794,1618632755
302,Necochea,AR,55.99,98,1,3.0,-38.5473,-58.7368,1618632710
303,Samarai,PG,84.2,74,65,12.84,-10.6167,150.6667,1618632756
304,Margate,GB,42.01,76,3,1.99,51.3813,1.3862,1618632756
305,Flin Flon,CA,29.55,94,44,2.84,54.7682,-101.865,1618632756
306,São João do Paraíso,BR,60.37,83,23,4.29,-15.3136,-42.0144,1618632757
307,Dunedin,NZ,54.73,50,55,1.68,-45.8742,170.5036,1618632757
308,Mayumba,GA,78.3,87,100,6.08,-3.432,10.6554,1618632758
309,Einsiedeln,CH,33.8,75,40,1.14,47.1167,8.75,1618632758
310,Raudeberg,NO,42.01,54,0,6.8,61.9875,5.1352,1618632759
311,Port Macquarie,AU,59.0,100,90,8.05,-31.4333,152.9167,1618632759
312,Lompoc,US,51.8,82,9,10.36,34.6391,-120.4579,1618632671
313,Taltal,CL,61.83,84,31,1.39,-25.4,-70.4833,1618632621
314,Tabou,CI,78.37,86,57,5.88,4.423,-7.3528,1618632760
315,Noumea,NC,78.8,78,75,17.27,-22.2763,166.4572,1618632760
316,Tshikapa,CD,69.13,97,95,2.68,-6.4167,20.8,1618632761
317,Lugovoy,KZ,63.63,40,72,2.04,42.9472,72.7644,1618632761
318,Tongzi,CN,60.69,87,100,1.68,28.7829,105.0877,1618632762
319,Bilma,NE,81.23,8,1,8.1,18.6853,12.9164,1618632573
320,Hasaki,JP,64.99,72,75,11.5,35.7333,140.8333,1618632762
321,Fürstenfeld,AT,34.0,75,20,2.3,47.05,16.0833,1618632762
322,Cayenne,GF,81.0,78,90,8.05,4.9333,-52.3333,1618632763
323,Coquimbo,CL,59.0,88,90,4.61,-29.9533,-71.3436,1618632486
324,Roald,NO,37.99,69,0,9.22,62.5833,6.1333,1618632763
325,Cabo San Lucas,MX,70.0,87,86,1.01,22.8909,-109.9124,1618632764
326,Sidi Ali,DZ,48.96,75,2,3.78,36.0998,0.4206,1618632764
327,Coyhaique,CL,45.05,95,100,4.63,-45.5752,-72.0662,1618632514
328,Mogadishu,SO,83.28,71,93,8.95,2.0371,45.3438,1618632735
329,Tarauacá,BR,72.64,98,100,2.8,-8.1614,-70.7656,1618632677
330,Hay River,CA,42.8,56,75,2.89,60.8156,-115.7999,1618632765
331,Kamina,CD,63.93,96,100,5.93,-8.7386,24.9906,1618632765
332,Banyo,CM,67.53,83,97,1.23,6.75,11.8167,1618632766
333,Swan Hill,AU,66.31,30,8,11.1,-35.3378,143.5544,1618632766
334,Hailey,US,41.0,36,1,3.44,43.5196,-114.3153,1618632766
335,Tasiilaq,GL,24.8,100,90,27.63,65.6145,-37.6368,1618632559
336,San Blas,MX,69.71,73,3,2.33,21.5167,-105.2667,1618632767
337,Gopālpur,IN,90.07,49,0,7.18,19.2667,84.9167,1618632768
338,Manggar,ID,85.1,66,92,7.87,-2.8833,108.2667,1618632768
339,Eureka,US,48.99,87,3,2.01,40.8021,-124.1637,1618632704
340,Fort Nelson,CA,59.0,31,40,3.44,58.8053,-122.7002,1618632769
341,Narasannapeta,IN,89.91,47,2,8.01,18.4167,84.05,1618632769
342,Nagydorog,HU,37.99,80,100,3.0,46.6275,18.6556,1618632770
343,Santa Maria da Vitória,BR,69.03,53,4,2.66,-13.3947,-44.1886,1618632770
344,Abong Mbang,CM,66.79,94,100,1.39,3.9833,13.1833,1618632771
345,Ahipara,NZ,63.63,61,4,15.05,-35.1667,173.1667,1618632771
346,Isiro,CD,64.62,98,48,2.89,2.7739,27.616,1618632772
347,Brae,GB,42.33,89,98,10.13,60.3964,-1.353,1618632772
348,Moerai,PF,80.13,78,1,16.13,-22.4333,-151.3333,1618632773
349,Goma,CD,61.47,89,96,1.92,-1.6792,29.2228,1618632773
350,Codrington,AU,62.89,59,100,13.33,-38.2667,141.9667,1618632774
351,Santo Antônio do Içá,BR,71.56,98,100,1.7,-3.1022,-67.9397,1618632774
352,Garhwa,IN,99.77,13,45,12.35,24.1833,83.8167,1618632775
353,Kavieng,PG,82.22,72,84,3.96,-2.5744,150.7967,1618632775
354,Arrondissement de Bergerac,FR,35.01,86,0,2.3,44.8333,0.5,1618632742
355,Levice,SK,39.99,89,11,3.0,48.2156,18.6071,1618632776
356,Cherskiy,RU,23.45,74,90,10.74,68.75,161.3,1618632776
357,Marovoay,MG,73.4,94,20,2.3,-16.1,46.6333,1618632777
358,Maragua,KE,64.4,100,40,3.44,-0.7833,37.1333,1618632777
359,Popondetta,PG,87.98,64,97,5.88,-8.7537,148.2534,1618632778
360,Bethel,US,41.0,83,96,9.08,41.3712,-73.414,1618632778
361,Wakkanai,JP,55.4,67,75,14.97,45.4094,141.6739,1618632779
362,Imeni Poliny Osipenko,RU,43.66,71,88,6.53,52.4201,136.4853,1618632675
363,Nouadhibou,MR,66.2,77,0,20.71,20.931,-17.0347,1618632668
364,Stromness,GB,41.0,93,100,7.38,58.965,-3.296,1618632779
365,Lakes Entrance,AU,62.01,54,24,1.01,-37.8811,147.981,1618632780
366,Skjervøy,NO,38.84,76,85,9.53,70.0311,20.9714,1618632780
367,Seoul,KR,55.4,40,75,10.36,37.5683,126.9778,1618632637
368,Moyeuvre-Grande,FR,37.0,88,49,4.85,49.2517,6.0475,1618632781
369,Haapiti,PF,84.0,74,20,10.36,-17.5667,-149.8667,1618632782
370,Malanje,AO,61.25,98,100,3.38,-9.5402,16.341,1618632782
371,Gizo Government Station,SB,84.54,68,58,4.72,-8.103,156.8419,1618632782
372,Morgan City,US,64.4,100,90,9.22,29.6994,-91.2068,1618632783
373,Parrita,CR,68.0,100,75,3.44,9.5201,-84.3225,1618632783
374,Walvis Bay,NA,82.4,24,70,4.61,-22.9575,14.5053,1618632784
375,Soe,ID,79.07,57,37,8.81,-9.8607,124.284,1618632784
376,Juegang,CN,66.0,52,38,14.88,32.3174,121.1855,1618632785
377,Portobelo,PA,77.0,89,100,21.99,9.55,-79.65,1618632785
378,Álamos,MX,73.99,55,71,0.49,27.0167,-108.9333,1618632786
379,Uruaçu,BR,71.89,72,50,3.13,-14.5247,-49.1408,1618632786
380,Wanning,CN,84.0,65,98,7.81,18.8003,110.3967,1618632787
381,Robāţ Karīm,IR,62.6,47,0,4.61,35.4846,51.0829,1618632787
382,Campina Verde,BR,68.67,87,99,1.45,-19.5356,-49.4864,1618632787
383,Evensk,RU,23.79,78,100,7.23,61.95,159.2333,1618632736
384,Arrondissement d'Arcachon,FR,37.4,80,0,6.91,44.5875,-1.0519,1618632788
385,Palimbang,PH,82.09,80,100,7.74,6.2106,124.1894,1618632788
386,Ape,LV,41.94,76,98,8.84,57.5393,26.6929,1618632789
387,Bonavista,CA,33.01,86,27,2.3,48.6499,-53.1147,1618632789
388,Lappeenranta,FI,37.4,48,0,8.05,61.0587,28.1887,1618632790
389,Tilichiki,RU,25.11,78,100,17.58,60.4667,166.1,1618632790
390,Lasem,ID,85.33,67,56,6.06,-6.6922,111.4527,1618632791
391,Sembakung,ID,87.8,74,40,8.05,3.8167,117.25,1618632791
392,Araouane,ML,82.69,16,98,9.93,18.9048,-3.5265,1618632792
393,Panalingaan,PH,85.15,66,95,7.07,8.7842,117.4231,1618632792
394,Khor,RU,47.05,63,96,15.21,47.8861,134.9464,1618632792
395,Palmer,US,39.2,75,90,14.97,42.1584,-72.3287,1618632793
396,Guarapari,BR,69.8,94,75,4.61,-20.6667,-40.4975,1618632793
397,Thinadhoo,MV,81.79,66,87,5.19,0.5333,72.9333,1618632794
398,Valle Hermoso,MX,78.01,88,1,5.75,25.6667,-97.8333,1618632794
399,Teeli,RU,57.58,16,100,7.23,51.0333,90.2333,1618632794
400,Isfana,KG,66.2,39,9,3.65,39.8386,69.5306,1618632795
401,Pueblo,US,37.4,60,90,6.91,38.2545,-104.6091,1618632634
402,Carauari,BR,71.85,99,87,2.3,-4.8828,-66.8958,1618632795
403,Imbituva,BR,57.97,90,91,1.48,-25.23,-50.6044,1618632796
404,Sitka,US,46.4,87,75,5.75,57.0531,-135.33,1618632796
405,Klyuchi,RU,39.81,68,97,13.56,52.2667,79.1667,1618632797
406,Hamilton,US,48.0,66,1,2.17,39.1834,-84.5333,1618632578
407,Port Lincoln,AU,65.82,48,6,6.13,-34.7333,135.8667,1618632728
408,Dārāb,IR,72.82,8,36,0.89,28.7519,54.5444,1618632798
409,Cap Malheureux,MU,82.99,78,34,5.01,-19.9842,57.6142,1618632798
410,Ushtobe,KZ,66.79,39,46,14.36,45.2514,77.9838,1618632798
411,Tuatapere,NZ,55.99,63,95,7.0,-46.1333,167.6833,1618632799
412,Grand-Lahou,CI,79.45,86,68,6.69,5.1367,-5.0242,1618632799
413,Kärdla,EE,39.2,81,0,5.75,58.9978,22.7492,1618632800
414,Viranşehir,TR,60.21,48,6,3.47,37.2353,39.7631,1618632801
415,Isla Vista,US,57.2,82,1,9.22,34.4133,-119.861,1618632801
416,Mount Isa,AU,84.2,21,16,16.11,-20.7333,139.5,1618632802
417,Yavaros,MX,73.99,55,66,6.51,26.7,-109.5167,1618632802
418,Acapulco de Juárez,MX,77.38,73,88,7.7,16.8634,-99.8901,1618632803
419,Batagay,RU,26.01,82,100,7.23,67.6333,134.6333,1618632803
420,Havelock,US,60.01,87,1,4.74,34.8791,-76.9013,1618632804
421,Trenggalek,ID,86.32,57,99,6.46,-8.05,111.7167,1618632804
422,Rio Grande,BR,68.02,89,86,3.6,-32.035,-52.0986,1618632602
423,Saint-Augustin,CA,30.36,79,29,9.95,51.226,-58.6502,1618632805
424,Goundam,ML,82.81,14,60,9.95,16.4145,-3.6708,1618632805
425,Arraias,BR,69.55,55,32,4.52,-12.9288,-46.9437,1618632806
426,Malakal,SS,81.18,14,15,4.45,9.5334,31.6605,1618632605
427,Dinar,TR,48.2,81,75,1.14,38.065,30.1656,1618632806
428,Hukuntsi,BW,63.66,53,89,9.6,-24.0,21.75,1618632807
429,Batagay-Alyta,RU,19.58,83,100,3.22,67.8006,130.4114,1618632807
430,Goderich,CA,39.2,87,100,5.75,43.7501,-81.7165,1618632708
431,Sioux Lookout,CA,32.0,80,40,3.44,50.1001,-91.917,1618632808
432,Santa Maria,BR,66.2,100,20,2.3,-29.6842,-53.8069,1618632604
433,Guerrero Negro,MX,58.8,75,0,18.97,27.9769,-114.0611,1618632733
434,Arrondissement de Narbonne,FR,46.0,39,53,3.0,43.0833,2.8333,1618632809
435,Alofi,NU,82.4,69,9,9.22,-19.0595,-169.9187,1618632809
436,Kishtwār,IN,49.41,94,100,1.97,33.3167,75.7667,1618632809
437,Mariehamn,AX,37.4,65,0,9.22,60.0973,19.9348,1618632810
438,Claveria,PH,86.09,60,44,12.68,18.6074,121.0832,1618632810
439,Kahului,US,75.2,69,40,10.36,20.8947,-156.47,1618632811
440,Krasnosel'kup,RU,11.7,90,100,13.15,65.7,82.4667,1618632811
441,Mgandu,TZ,59.94,97,97,6.62,-5.95,34.1333,1618632811
442,St. George's,GD,80.6,78,20,18.41,12.0564,-61.7485,1618632615
443,Alugan,PH,83.21,77,95,17.63,12.2188,125.4808,1618632812
444,Izhevskoye,RU,49.03,88,98,12.12,54.5567,40.8703,1618632812
445,Airai,TL,74.12,52,20,5.57,-8.9266,125.4092,1618632813
446,Anloga,GH,82.4,83,20,5.75,5.7947,0.8973,1618632813
447,Itarema,BR,77.07,88,91,9.66,-2.9248,-39.9167,1618632814
448,Bathsheba,BB,78.8,69,40,17.27,13.2167,-59.5167,1618632814
449,Yuncheng,CN,62.19,15,79,3.6,35.0231,110.9928,1618632784
450,Plettenberg Bay,ZA,59.13,44,2,5.57,-34.0527,23.3716,1618632815
451,Mandera,KE,79.75,73,10,11.63,3.9366,41.867,1618632815
452,Chapais,CA,37.4,70,40,6.91,49.7834,-74.8492,1618632815
453,Saint-Pierre,RE,84.2,65,0,3.44,-21.3393,55.4781,1618632816
454,Shahdad Kot,PK,84.54,34,0,6.24,27.8477,67.9055,1618632816
455,Los Llanos de Aridane,ES,68.0,73,75,13.8,28.6585,-17.9182,1618632817
456,Caravelas,BR,72.3,87,12,3.58,-17.7125,-39.2481,1618632817
457,Luang Prabang,LA,77.0,83,90,2.3,19.8856,102.1347,1618632818
458,Shumskiy,RU,36.34,72,98,10.45,54.8318,99.1328,1618632818
459,Mujiayingzi,CN,49.01,19,40,25.75,42.1167,118.7833,1618632818
460,Vila Velha,BR,69.8,94,75,4.61,-20.3297,-40.2925,1618632819
461,Port Blair,IN,85.86,65,51,11.48,11.6667,92.75,1618632820
462,San Cristobal,VE,66.52,93,56,3.11,7.7669,-72.225,1618632820
463,Puerto Quijarro,BO,75.4,70,7,1.7,-17.7833,-57.7667,1618632821
464,Zugdidi,GE,53.6,87,90,6.91,42.5088,41.8709,1618632821
465,Shenjiamen,CN,62.08,76,95,15.17,29.9576,122.298,1618632821
466,Gayny,RU,38.71,74,7,7.09,60.3071,54.3241,1618632822
467,Aranda de Duero,ES,29.82,73,0,2.66,41.6704,-3.6892,1618632822
468,Henties Bay,NA,70.0,74,93,7.0,-22.116,14.2845,1618632823
469,Katiuzhanka,UA,42.8,100,90,6.71,50.806,30.1376,1618632823
470,Anchorage,US,50.0,52,1,4.61,61.2181,-149.9003,1618632575
471,Alice Springs,AU,73.99,28,0,14.97,-23.7,133.8833,1618632560
472,Nambucca Heads,AU,59.0,88,90,18.41,-30.65,153.0,1618632824
473,Beringovskiy,RU,33.51,87,97,13.98,63.05,179.3167,1618632825
474,Griffith,US,39.0,87,1,3.44,41.5284,-87.4237,1618632825
475,Sosnovo-Ozerskoye,RU,51.37,25,28,15.64,52.5249,111.5418,1618632826
476,High Level,CA,50.0,40,75,6.91,58.5169,-117.136,1618632826
477,Antalaha,MG,76.35,82,9,3.06,-14.9003,50.2788,1618632661
478,Taoudenni,ML,76.17,19,92,9.71,22.6783,-3.9836,1618632827
479,Vanimo,PG,76.68,91,100,5.37,-2.6741,141.3028,1618632827
480,Bay-Khaak,RU,54.63,30,8,1.07,51.1667,94.5,1618632827
481,Mae Sot,TH,80.6,78,40,3.44,16.7167,98.5667,1618632828
482,Marrakesh,MA,57.2,82,20,3.44,31.6315,-8.0083,1618632606
483,Hobyo,SO,84.11,65,14,10.71,5.3505,48.5268,1618632828
484,Portland,US,69.8,19,1,4.61,45.5234,-122.6762,1618632357
485,Chenzhou,CN,65.52,92,100,3.02,25.8,113.0333,1618632829
486,Ucluelet,CA,57.0,68,5,6.24,48.9329,-125.5528,1618632711
487,Yerbogachën,RU,13.62,63,100,16.31,61.2767,108.0108,1618632830
488,Curicó,CL,57.99,76,100,1.14,-34.9833,-71.2333,1618632830
489,Kostanay,KZ,44.6,65,32,8.95,53.1667,63.5833,1618632831
490,Bandarbeyla,SO,81.36,69,17,5.14,9.4942,50.8122,1618632831
491,Lázaro Cárdenas,MX,75.29,75,49,6.71,17.9583,-102.2,1618632831
492,Bartica,GY,75.2,94,20,4.61,6.4,-58.6167,1618632832
493,Port Hardy,CA,60.8,48,1,5.75,50.6996,-127.4199,1618632832
494,Vyartsilya,RU,34.93,88,4,3.96,62.1764,30.693,1618632833
495,Heze,CN,63.63,14,0,16.64,35.2431,115.4411,1618632833
496,Vardø,NO,39.88,77,100,30.36,70.3705,31.1107,1618632612
497,Sørland,NO,40.51,83,0,16.51,67.667,12.6934,1618632834
498,Najrān,SA,68.0,30,40,2.3,17.4924,44.1277,1618632557
499,Yazykovo,RU,45.72,72,6,9.19,55.2199,56.1353,1618632834
500,Stornoway,GB,46.4,87,90,9.22,58.2093,-6.3865,1618632835
501,Sylacauga,US,55.4,94,75,2.08,33.1732,-86.2516,1618632836
502,Marawi,PH,82.0,85,100,4.0,7.9986,124.2928,1618632836
503,Kidal,ML,84.22,7,66,6.82,18.4411,1.4078,1618632836
504,Chenghai,CN,71.6,73,90,4.47,23.4632,116.768,1618632837
505,Barranca,PE,66.76,85,100,5.75,-10.75,-77.7667,1618632837
506,Te Anau,NZ,52.9,56,57,6.26,-45.4167,167.7167,1618632838
507,Mitsamiouli,KM,75.2,83,20,5.75,-11.3847,43.2844,1618632838
508,Ostrovnoy,RU,37.69,83,100,25.37,68.0531,39.5131,1618632838
509,Korla,CN,67.12,16,88,4.27,41.7597,86.1469,1618632839
510,Thap Than,TH,89.01,71,100,5.59,15.4606,99.8917,1618632839
511,Enterprise,US,66.99,24,75,17.27,36.0252,-115.2419,1618632840
512,Fethiye,TR,60.8,63,75,6.91,36.6217,29.1164,1618632840
513,Berëzovka,BY,40.8,94,19,5.57,53.7214,25.4993,1618632841
514,Fallon,US,51.8,25,40,6.91,39.4735,-118.7774,1618632841
515,Zhuhai,CN,75.2,83,40,4.61,22.2769,113.5678,1618632842
516,Payakumbuh,ID,78.26,85,97,1.32,-0.2202,100.6308,1618632842
517,Timizart,DZ,47.25,86,67,4.34,36.8,4.2667,1618632843
518,Ambatondrazaka,MG,67.5,93,75,1.23,-17.8333,48.4167,1618632843
519,Presidencia Roque Sáenz Peña,AR,69.01,98,0,1.01,-26.7852,-60.4388,1618632844
520,Belaya Gora,RU,28.38,69,1,12.35,68.5333,146.4167,1618632844
521,Sarakhs,IR,64.4,55,99,2.3,36.5449,61.1577,1618632845
522,Miandrivazo,MG,70.7,90,90,3.53,-19.5167,45.4667,1618632845
523,Lhokseumawe,ID,82.85,67,100,7.27,5.1801,97.1507,1618632820
524,Mayya,RU,33.8,86,75,4.47,61.7333,130.2811,1618632730
525,Camalú,MX,51.01,59,0,1.01,30.85,-116.0667,1618632846
526,Ukiah,US,62.6,29,1,5.75,39.1502,-123.2078,1618632846
527,São João da Barra,BR,71.33,83,25,5.1,-21.6403,-41.0511,1618632846
528,Itaituba,BR,73.49,98,100,2.66,-4.2761,-55.9836,1618632847
529,Point Pedro,LK,85.35,71,98,7.78,9.8167,80.2333,1618632847
530,Saint Anthony,US,50.0,43,1,5.75,45.0205,-93.218,1618632667
531,Ipixuna,BR,75.2,94,100,2.3,-1.7625,-48.8043,1618632848
532,Ibrā’,OM,83.68,28,67,2.08,22.6906,58.5334,1618632848
533,Matara,LK,84.18,69,87,5.32,5.9485,80.5353,1618632682
534,Haines Junction,CA,44.6,49,100,4.61,60.7522,-137.5108,1618632849
535,Katobu,ID,90.21,50,53,2.89,-4.9408,122.5276,1618632849
536,Chalchihuites,MX,53.82,23,72,7.78,23.4833,-103.8833,1618632849
537,Port-Gentil,GA,81.75,77,100,4.25,-0.7193,8.7815,1618632850
538,Golden,US,34.0,93,90,5.75,39.7555,-105.2211,1618632850
539,Balkanabat,TM,67.19,43,3,7.87,39.5108,54.3671,1618632851
540,Ballina,AU,68.0,88,90,10.36,-28.8667,153.5667,1618632852
541,Toguchin,RU,29.25,73,91,10.49,55.2353,84.3858,1618632853
542,Biak,ID,81.03,76,92,5.93,-0.9131,122.8766,1618632853
543,Oodweyne,SO,72.01,62,4,12.3,9.4092,45.064,1618632853
544,Thaba-Tseka,LS,39.83,59,69,2.86,-29.522,28.6084,1618632854
545,Conde,BR,75.2,100,20,3.44,-7.2597,-34.9075,1618632855
546,Lebedinyy,RU,34.79,89,100,16.55,58.5167,125.5167,1618632733
547,Pacific Grove,US,52.0,82,90,8.05,36.6177,-121.9166,1618632855
548,Ciudad Sabinas Hidalgo,MX,81.1,62,100,11.01,26.5,-100.1667,1618632856
549,Bukama,CD,68.18,97,100,4.07,-9.2,25.85,1618632856
550,Pochutla,MX,78.01,71,5,3.0,15.7432,-96.4661,1618632856
551,Benguela,AO,80.19,73,68,2.62,-12.5763,13.4055,1618632857
552,Isangel,VU,84.2,79,90,8.05,-19.55,169.2667,1618632857
553,Nome,US,30.2,93,90,4.61,64.5011,-165.4064,1618632857
554,Dubbo,AU,69.8,43,75,5.75,-32.25,148.6167,1618632649
555,Parabel',RU,25.38,47,18,6.49,58.6978,81.4825,1618632858
